[{"model": "api.person", "pk": 1, "fields": {"first_name": "Quentin", "last_name": "Tarantino"}}, {"model": "api.person", "pk": 2, "fields": {"first_name": "Jamie", "last_name": "Foxx"}}, {"model": "api.person", "pk": 3, "fields": {"first_name": "Christoph", "last_name": "Waltz"}}, {"model": "api.person", "pk": 4, "fields": {"first_name": "Leonardo", "last_name": "DiCaprio"}}, {"model": "api.person", "pk": 5, "fields": {"first_name": "Martin", "last_name": "Scorsese"}}, {"model": "api.person", "pk": 6, "fields": {"first_name": "Laeta", "last_name": "Kalogridis"}}, {"model": "api.person", "pk": 7, "fields": {"first_name": "Mark", "last_name": "Ruffalo"}}, {"model": "api.person", "pk": 8, "fields": {"first_name": "Ben", "last_name": "Kingsley"}}, {"model": "api.person", "pk": 9, "fields": {"first_name": "Christopher", "last_name": "Nolan"}}, {"model": "api.person", "pk": 10, "fields": {"first_name": "Christian", "last_name": "Bale"}}, {"model": "api.person", "pk": 11, "fields": {"first_name": "Gary", "last_name": "Oldman"}}, {"model": "api.person", "pk": 12, "fields": {"first_name": "Tom", "last_name": "Hardy"}}, {"model": "api.person", "pk": 13, "fields": {"first_name": "Anne", "last_name": "Hathaway"}}, {"model": "api.person", "pk": 14, "fields": {"first_name": "Jaume", "last_name": "Collet-Serra"}}, {"model": "api.person", "pk": 15, "fields": {"first_name": "Adam", "last_name": "Sztykiel"}}, {"model": "api.person", "pk": 16, "fields": {"first_name": "Dwayne", "last_name": "Johnson"}}, {"model": "api.person", "pk": 17, "fields": {"first_name": "Aldis", "last_name": "Hodge"}}, {"model": "api.person", "pk": 18, "fields": {"first_name": "Pierce", "last_name": "Brosnan"}}, {"model": "api.person", "pk": 19, "fields": {"first_name": "Marcin", "last_name": "Dorociński"}}, {"model": "api.person", "pk": 20, "fields": {"first_name": "Piotr", "last_name": "Adamczyk"}}, {"model": "api.genre", "pk": 1, "fields": {"name": "Western"}}, {"model": "api.genre", "pk": 2, "fields": {"name": "Dramat"}}, {"model": "api.genre", "pk": 3, "fields": {"name": "Thriller"}}, {"model": "api.genre", "pk": 4, "fields": {"name": "Akcja"}}, {"model": "api.genre", "pk": 5, "fields": {"name": "Sci-Fi"}}, {"model": "api.genre", "pk": 6, "fields": {"name": "Komedia"}}, {"model": "api.genre", "pk": 7, "fields": {"name": "Wojenny"}}, {"model": "api.movie", "pk": 1, "fields": {"title": "Django", "director": 1, "screenplay": 1, "year": 2012, "rating": "10.0", "description": "Łowca nagród Schultz i czarnoskóry niewolnik Django wyruszają w podróż, aby odbić żonę tego drugiego z rąk bezlitosnego Calvina Candie'ego.", "genre": [1]}}, {"model": "api.movie", "pk": 2, "fields": {"title": "Wyspa Tajemnic", "director": 5, "screenplay": 6, "year": 2010, "rating": "8.2", "description": "Szeryf federalny Daniels stara się dowiedzieć, jakim sposobem z zamkniętej celi w pilnie strzeżonym szpitalu dla chorych psychicznie przestępców zniknęła pacjentka.", "genre": [2, 3]}}, {"model": "api.movie", "pk": 3, "fields": {"title": "Mroczny Rycerz Powstaje", "director": 9, "screenplay": 9, "year": 2012, "rating": "7.7", "description": "Po ośmiu latach nieobecności Batman wraca, by uratować Gotham City przed zamaskowanym terrorystą Bane'em.", "genre": [4, 5]}}, {"model": "api.movie", "pk": 4, "fields": {"title": "Black Adam", "director": 14, "screenplay": 15, "year": 2022, "rating": "6.0", "description": "Po blisko pięciu tysiącleciach obdarzony boskimi mocami Black Adam zostaje uwolniony ze swojego ziemskiego grobowca.", "genre": [4, 5]}}, {"model": "api.movie", "pk": 27, "fields": {"title": "Wymyślony film, ale lepszy", "director": 5, "screenplay": 19, "year": 1996, "rating": "6.5", "description": "Nie wiadomo o co chodzi, więc chodzi o pieniądze", "genre": [2, 5]}}, {"model": "api.personmovie", "pk": 1, "fields": {"person": 2, "movie": 1, "role": "Django"}}, {"model": "api.personmovie", "pk": 2, "fields": {"person": 3, "movie": 1, "role": "Dr King Schultz"}}, {"model": "api.personmovie", "pk": 3, "fields": {"person": 4, "movie": 1, "role": "Calvin Candie"}}, {"model": "api.personmovie", "pk": 4, "fields": {"person": 4, "movie": 2, "role": "Teddy Daniels"}}, {"model": "api.personmovie", "pk": 5, "fields": {"person": 7, "movie": 2, "role": "Chuck Aule"}}, {"model": "api.personmovie", "pk": 6, "fields": {"person": 8, "movie": 2, "role": "Dr John Cawley"}}, {"model": "api.personmovie", "pk": 7, "fields": {"person": 10, "movie": 3, "role": "Bruce Wayne/Batman"}}, {"model": "api.personmovie", "pk": 8, "fields": {"person": 11, "movie": 3, "role": "James Gordon"}}, {"model": "api.personmovie", "pk": 9, "fields": {"person": 12, "movie": 3, "role": "Bane"}}, {"model": "api.personmovie", "pk": 10, "fields": {"person": 13, "movie": 3, "role": "Selina Kyle/Kobieta-Kot"}}, {"model": "api.personmovie", "pk": 11, "fields": {"person": 16, "movie": 4, "role": "Black Adam"}}, {"model": "api.personmovie", "pk": 12, "fields": {"person": 17, "movie": 4, "role": "Hawkman"}}, {"model": "api.personmovie", "pk": 13, "fields": {"person": 18, "movie": 4, "role": "Dr Fate(Kent Nelson)"}}, {"model": "api.personmovie", "pk": 48, "fields": {"person": 19, "movie": 27, "role": "Złodziej"}}, {"model": "api.personmovie", "pk": 49, "fields": {"person": 20, "movie": 27, "role": "Złodziej drugi"}}, {"model": "api.personmovie", "pk": 50, "fields": {"person": 18, "movie": 27, "role": "Ofiara napadu"}}, {"model": "api.personmovie", "pk": 51, "fields": {"person": 11, "movie": 27, "role": "Policjant"}}, {"model": "api.personmovie", "pk": 52, "fields": {"person": 4, "movie": 27, "role": "Stary złodziej"}}, {"model": "api.personmovie", "pk": 53, "fields": {"person": 16, "movie": 27, "role": "Wielki Oprych"}}]